ASIGNATURA;2017 1;2017 2;2018 1;2018 2;2019 1;2019 2;2020 1;2020 2;2021 1;2021 2;2022 1;2022 2;2023 1;2023 2;2024 1;CICLOS;AREAS
ACT. CULTURAL Y DEPORTIVA I;0,0%;0,2%;0,0%;0,0%;0,0%;0,0%;0,0%;0,0%;0,0%;0,0%;0,0%;0,0%;0,0%;0,0%;0,0%;Ciclo basico ingenieria;Formacion complementaria
ACT.CULTURAL Y DEPORTIVA II;0,0%;0,1%;0,0%;0,0%;0,0%;0,0%;0,0%;0,0%;0,0%;0,0%;0,0%;0,0%;0,0%;0,0%;0,0%;;
ACTIVIDAD CULTURAL;0,0%;0,4%;0,0%;0,6%;0,1%;0,2%;0,4%;1,1%;1,5%;2,1%;1,5%;0,5%;0,8%;0,7%;0,4%;Ciclo basico ingenieria;Formacion complementaria
ACTIVIDAD CULTURAL Y DEPORTIVA I;0,0%;0,0%;0,0%;0,0%;0,2%;0,1%;0,8%;0,8%;0,0%;0,0%;0,0%;0,0%;0,0%;0,1%;0,3%;;
ACTIVIDAD CULTURAL Y DEPORTIVA II;0,0%;0,0%;0,0%;0,0%;0,1%;0,0%;4,5%;0,9%;0,0%;0,0%;0,0%;0,0%;0,0%;0,5%;0,6%;;
ACTIVIDAD DEPORTIVA;0,2%;0,0%;0,0%;0,4%;0,1%;0,2%;0,0%;0,5%;1,0%;2,7%;0,6%;0,3%;0,3%;0,0%;0,1%;;
ALGEBRA LINEAL;2,0%;3,2%;0,0%;8,9%;4,0%;4,5%;2,0%;2,8%;10,3%;8,6%;11,0%;5,3%;3,9%;2,9%;4,4%;Ciclo basico ingenieria;Ciencias basicas
ALGORITMOS Y FUNDAMENTOS DE PROGRAMACION;0,8%;0,2%;0,0%;2,4%;4,4%;3,6%;3,7%;2,8%;8,2%;3,1%;4,4%;3,6%;4,0%;0,8%;1,8%;Ciclo basico ingenieria;Ingenieria aplicada
ANALISIS NUMERICO;0,4%;0,2%;0,0%;0,1%;1,9%;1,7%;0,8%;0,8%;1,5%;4,5%;1,7%;0,9%;1,6%;1,8%;1,0%;Ciclo de profundizacion;Ciencias basicas de la ingenieria
ANALISIS Y DISE�O DE SISTEMAS;0,0%;0,0%;0,0%;0,0%;0,0%;0,0%;0,0%;0,0%;0,0%;0,0%;0,0%;0,0%;0,0%;0,0%;0,0%;;
ARQUITECTURA DE COMPUTADORES;0,1%;0,2%;0,0%;0,7%;1,4%;0,5%;0,0%;1,9%;1,5%;0,8%;0,8%;2,6%;1,0%;0,3%;0,6%;Ciclo de profundizacion;Ingenieria aplicada
ARQUITECTURA DEL COMPUTADOR;1,2%;0,1%;0,0%;0,0%;0,0%;0,0%;0,0%;0,2%;0,0%;0,0%;0,0%;0,0%;0,0%;0,0%;0,0%;;
AUDITORIA DE SISTEMAS;0,2%;0,0%;0,0%;0,0%;0,4%;0,1%;0,4%;0,0%;0,0%;0,0%;0,0%;0,4%;0,2%;0,0%;0,1%;Ciclo profesional;Ingenieria aplicada
BASE DE DATOS;0,4%;0,0%;0,0%;0,9%;1,3%;3,3%;0,4%;6,7%;2,6%;3,1%;6,9%;3,2%;3,2%;1,2%;1,4%;Ciclo de profundizacion;Ingenieria aplicada
BASES DE DATOS;0,0%;0,1%;0,0%;0,0%;0,0%;0,0%;0,0%;0,0%;0,0%;0,0%;0,0%;0,0%;0,0%;0,0%;0,0%;;
BASES DE DATOS I;2,1%;2,2%;0,0%;1,4%;2,6%;1,0%;0,0%;0,0%;0,0%;0,0%;0,0%;0,1%;0,0%;0,0%;0,0%;;
BASES DE DATOS II;0,4%;1,2%;0,0%;1,3%;1,1%;0,5%;0,0%;0,0%;1,0%;0,2%;0,0%;0,0%;0,0%;0,1%;0,0%;;
BASICA EN INGENIERIA I;0,5%;0,3%;0,0%;0,0%;0,0%;0,0%;0,0%;0,0%;0,0%;0,0%;0,0%;0,0%;0,0%;0,0%;0,0%;;
BASICA EN INGENIERIA II;0,1%;0,0%;0,0%;0,0%;0,0%;0,0%;0,0%;0,0%;0,0%;0,0%;0,0%;0,0%;0,0%;0,0%;0,0%;;
BASICA EN INGENIERIA III;0,4%;2,1%;0,0%;0,0%;0,0%;0,0%;0,0%;0,0%;0,0%;0,0%;0,0%;0,0%;0,0%;0,0%;0,0%;;
BASICA EN INGENIERIA IV;0,4%;0,7%;0,0%;0,1%;0,1%;0,1%;0,0%;0,0%;0,0%;0,0%;0,0%;0,0%;0,0%;0,0%;0,0%;;
CALCULO DIFERENCIAL;7,6%;7,8%;0,0%;5,4%;6,2%;6,9%;1,6%;3,0%;7,2%;3,9%;2,9%;5,5%;8,5%;2,7%;3,3%;Ciclo basico ingenieria;Ciencias basicas
CALCULO I;0,0%;0,0%;0,0%;1,3%;2,7%;1,5%;1,2%;0,9%;0,0%;0,0%;0,0%;0,0%;0,0%;4,8%;4,2%;;
CALCULO II;0,0%;0,0%;0,0%;3,1%;0,7%;1,1%;1,2%;0,6%;0,0%;0,0%;0,0%;0,0%;0,0%;0,8%;2,3%;;
CALCULO III;0,0%;0,0%;0,0%;1,3%;0,8%;0,1%;1,6%;0,5%;0,0%;0,0%;0,0%;0,0%;0,0%;0,7%;1,0%;;
CALCULO INTEGRAL;5,2%;6,4%;0,0%;4,7%;4,0%;4,4%;2,4%;3,0%;2,6%;3,5%;1,5%;4,3%;4,0%;4,9%;7,1%;Ciclo basico ingenieria;Ciencias basicas
CALCULO IV;0,0%;0,0%;0,0%;0,1%;0,4%;0,2%;0,4%;0,2%;0,0%;0,0%;0,0%;0,0%;0,0%;1,3%;1,5%;;
CALCULO MULTIVARIABLE;3,0%;2,7%;0,0%;1,1%;1,6%;4,3%;1,2%;1,6%;3,1%;1,6%;4,8%;4,2%;7,4%;2,9%;2,1%;Ciclo basico ingenieria;Ciencias basicas
CALIDAD DE SOFTWARE;0,0%;0,0%;0,0%;0,0%;0,0%;0,0%;0,0%;0,0%;0,0%;0,0%;0,0%;0,0%;0,0%;0,0%;0,0%;;
CATEDRA DE LA PAZ;0,0%;0,0%;0,0%;0,7%;0,1%;0,1%;1,2%;0,5%;0,0%;0,0%;0,0%;0,0%;0,0%;0,2%;0,6%;;
CATEDRA DE NEGOCIOS INTERNACIONALES;0,0%;0,1%;0,0%;0,0%;0,0%;0,2%;0,0%;0,0%;0,0%;0,4%;0,0%;0,0%;0,2%;0,0%;0,0%;Ciclo de profundizacion;Formacion complementaria
CATEDRA UPC;0,0%;0,0%;0,0%;0,0%;0,0%;0,0%;0,0%;0,0%;0,0%;0,0%;0,0%;0,0%;0,0%;1,3%;0,0%;;
CATEDRA UPECISTA;0,0%;0,0%;0,0%;0,1%;0,6%;0,2%;0,0%;0,2%;0,5%;1,0%;0,2%;1,6%;1,0%;0,1%;0,9%;Ciclo basico ingenieria;Formacion complementaria
CIBERNETICA I;0,0%;0,0%;0,0%;0,0%;0,0%;0,0%;0,0%;0,0%;0,0%;0,0%;0,0%;0,0%;0,0%;0,0%;0,0%;;
CIBERNETICA II;0,0%;0,0%;0,0%;0,0%;0,0%;0,0%;0,0%;0,0%;0,0%;0,0%;0,0%;0,0%;0,0%;0,0%;0,0%;;
CIENCIAS BASICAS I;1,2%;0,9%;0,0%;0,0%;0,0%;0,0%;0,0%;0,0%;0,0%;0,0%;0,0%;0,0%;0,0%;0,0%;0,0%;;
CIENCIAS BASICAS II;1,1%;1,8%;0,0%;0,0%;0,0%;0,0%;0,0%;0,0%;0,0%;0,0%;0,0%;0,0%;0,0%;0,0%;0,0%;;
CIENCIAS BASICAS III;1,0%;0,9%;0,0%;0,0%;0,0%;0,0%;0,0%;0,0%;0,0%;0,0%;0,0%;0,0%;0,0%;0,0%;0,0%;;
CIENCIAS BASICAS IV;0,0%;0,0%;0,0%;0,0%;0,0%;0,0%;0,0%;0,0%;0,0%;0,0%;0,0%;0,0%;0,0%;0,0%;0,0%;;
CIENCIAS BASICAS V;0,7%;0,1%;0,0%;0,6%;0,1%;0,0%;0,0%;0,0%;0,0%;0,0%;0,0%;0,0%;0,0%;0,0%;0,0%;;
CIENCIAS DE LA COMPUTACION I;0,0%;0,3%;0,0%;0,1%;0,1%;0,0%;0,0%;0,0%;0,0%;0,0%;0,0%;0,0%;0,0%;0,0%;0,0%;;
CIENCIAS DELA COMPUTACION II;0,1%;0,0%;0,0%;0,1%;0,0%;0,0%;0,0%;0,0%;0,0%;0,0%;0,0%;0,0%;0,0%;0,0%;0,0%;;
CIRCUITOS;0,0%;0,0%;0,0%;0,0%;0,0%;0,0%;1,2%;0,0%;0,0%;0,0%;0,0%;0,0%;0,0%;0,0%;0,0%;;
COMERCIO INTERNACIONAL;0,0%;0,0%;0,0%;0,7%;0,9%;0,9%;2,0%;0,2%;0,0%;0,0%;0,0%;0,0%;0,0%;0,2%;0,3%;;
COMPUTACION GRAFICA;0,0%;0,0%;0,0%;0,0%;0,0%;0,0%;0,0%;0,0%;0,0%;0,0%;0,0%;0,1%;0,0%;0,0%;0,0%;Ciclo de profundizacion;Ingenieria aplicada
COMUNICACION ORAL Y ESCRITA I;0,1%;0,3%;0,0%;1,4%;0,7%;1,3%;3,3%;1,3%;2,6%;0,8%;0,6%;0,5%;0,2%;0,9%;0,6%;Ciclo basico ingenieria;Formacion complementaria
COMUNICACION ORAL Y ESCRITA II;0,0%;0,0%;0,0%;0,0%;0,8%;1,0%;1,2%;0,0%;2,1%;1,0%;0,2%;0,1%;0,0%;2,4%;1,9%;Ciclo basico ingenieria;Formacion complementaria
COMUNICACION ORAL Y ESCRTA II;0,0%;0,0%;0,0%;0,0%;0,0%;0,0%;0,0%;0,0%;0,0%;0,0%;0,0%;0,0%;0,0%;0,0%;0,0%;;
COMUNICACIONES;0,0%;0,2%;0,0%;0,0%;0,0%;0,0%;0,0%;0,0%;0,0%;0,0%;0,0%;0,0%;0,0%;0,0%;0,0%;;
COMUNICACIONES Y REDES DE COMPUTACION;0,0%;0,0%;0,0%;0,0%;0,0%;0,0%;0,0%;0,0%;0,0%;0,0%;0,0%;0,0%;0,0%;0,0%;0,0%;;
CONTABILIDAD Y COSTOS;0,0%;0,0%;0,0%;0,0%;0,0%;0,3%;0,0%;0,0%;0,0%;0,0%;0,0%;0,1%;0,0%;0,0%;0,0%;;
CULTURAS INTERNACIONALES;0,0%;0,0%;0,0%;0,1%;0,1%;0,0%;0,0%;0,0%;0,5%;0,0%;0,0%;0,0%;0,0%;0,0%;0,0%;;
DATA SCIENCE;0,0%;0,0%;0,0%;1,1%;0,4%;0,0%;0,4%;0,0%;1,0%;0,0%;0,0%;0,0%;0,0%;0,0%;0,0%;;
DERECHO CONSTITUCIONAL;0,0%;0,0%;0,0%;0,0%;0,0%;0,1%;0,4%;0,0%;0,0%;0,0%;0,0%;0,0%;0,0%;0,6%;0,6%;;
DERECHO INFORMATICO;0,0%;0,0%;0,0%;0,0%;0,5%;0,3%;0,0%;0,0%;0,0%;0,0%;0,0%;0,0%;0,0%;0,0%;0,0%;;
DESAROLLO DE SOFTWARE EDUCATIVO;0,0%;0,0%;0,0%;0,0%;0,0%;0,0%;0,0%;0,3%;0,0%;0,0%;0,0%;0,0%;0,0%;0,0%;0,0%;;
DESARROLLO DE APLICACIONES MOVILES;0,0%;0,0%;0,0%;0,0%;0,0%;0,0%;0,0%;0,0%;0,0%;0,0%;0,0%;0,1%;0,0%;0,1%;0,0%;;
DESARROLLO HUMANO;0,0%;0,0%;0,0%;0,1%;0,0%;0,0%;0,0%;0,2%;0,0%;0,0%;0,0%;0,0%;0,0%;0,0%;0,2%;;
DISE�O DIRIGIDO POR PRUEBAS;0,2%;0,3%;0,0%;0,3%;0,0%;0,0%;0,0%;0,0%;0,5%;0,2%;0,0%;0,0%;0,0%;0,0%;0,0%;;
DISE�O EXPERIMENTAL;2,6%;2,5%;0,0%;1,6%;3,1%;2,1%;0,0%;0,3%;0,0%;1,6%;0,6%;0,4%;0,5%;0,1%;0,0%;;
DISE�O GRAFICO;0,0%;0,0%;0,0%;0,0%;0,0%;0,1%;1,2%;0,0%;0,0%;0,0%;0,0%;0,0%;0,0%;0,1%;0,2%;;
ECUACIONES DIFERENCIALES;0,0%;0,0%;0,0%;0,1%;1,9%;1,3%;2,0%;1,1%;1,0%;2,3%;2,3%;5,9%;5,6%;2,5%;2,7%;Ciclo de profundizacion;Ciencias basicas
ECUACIONES DIFERENCIALES ORDINARIAS;2,5%;2,8%;0,0%;2,9%;1,6%;1,1%;0,0%;0,3%;0,0%;0,4%;0,2%;0,0%;0,0%;0,1%;0,0%;;
ELECTIVA A II;0,0%;0,0%;0,0%;0,0%;0,0%;0,0%;0,0%;0,0%;0,0%;0,0%;0,0%;0,0%;0,0%;0,0%;0,0%;;
ELECTIVA COMPLEMENTARIA;0,0%;0,0%;0,0%;0,1%;0,5%;0,0%;0,4%;0,2%;0,0%;0,0%;0,0%;0,0%;0,0%;0,2%;0,4%;;
ELECTIVA DE APERTURA;0,3%;0,0%;0,0%;0,0%;0,0%;0,0%;0,0%;0,0%;0,0%;0,0%;0,0%;0,0%;0,0%;0,0%;0,0%;;
ELECTIVA DE APERTURA AREA DE ADMINISTRACION;0,0%;0,2%;0,0%;0,0%;0,0%;0,0%;0,0%;0,0%;0,0%;0,0%;0,0%;0,0%;0,0%;0,0%;0,0%;Ciclo de profundizacion;Formacion complementaria
ELECTIVA DE APERTURA AREA ECONOMICA;0,2%;0,0%;0,0%;0,0%;0,0%;0,1%;0,0%;0,0%;0,0%;0,0%;0,0%;0,0%;0,0%;0,0%;0,0%;;
ELECTIVA DE APERTURA AREA FINANZAS;0,2%;2,3%;0,0%;0,0%;0,1%;0,0%;0,0%;0,0%;0,0%;0,0%;0,0%;0,0%;0,0%;0,0%;0,0%;;
ELECTIVA DE APERTURA CONTABLE;0,0%;1,2%;0,0%;0,1%;0,0%;0,0%;0,0%;0,0%;0,0%;0,0%;0,0%;0,0%;0,0%;0,0%;0,0%;;
ELECTIVA DE CONTEXTO I;0,0%;0,0%;0,0%;0,0%;0,0%;0,0%;0,0%;0,0%;0,0%;0,0%;0,0%;0,0%;0,0%;0,0%;0,0%;;
ELECTIVA DE CONTEXTO II;0,1%;0,0%;0,0%;0,0%;0,0%;0,0%;0,0%;0,0%;0,0%;0,0%;0,0%;0,0%;0,0%;0,0%;0,0%;;
ELECTIVA DE CONTEXTO III;0,0%;0,0%;0,0%;0,0%;0,0%;0,0%;0,0%;0,0%;0,0%;0,0%;0,0%;0,0%;0,0%;0,0%;0,0%;;
ELECTIVA DEL PROGRAMA I;0,0%;0,0%;0,0%;0,0%;0,0%;0,0%;0,0%;0,0%;0,0%;0,0%;0,0%;0,0%;0,0%;0,1%;0,0%;;
ELECTIVA DEL PROGRAMA II;0,0%;0,0%;0,0%;0,0%;0,0%;0,0%;0,0%;0,0%;0,0%;0,0%;0,0%;0,0%;0,0%;0,0%;0,0%;;
ELECTROMAGNETISMO;2,0%;1,4%;0,0%;0,9%;0,6%;2,9%;2,4%;2,8%;1,0%;3,5%;2,9%;3,2%;5,1%;1,5%;2,7%;Ciclo de profundizacion;Ciencias basicas
ESPIRITU EMPRESARIAL;0,0%;0,0%;0,0%;0,0%;0,0%;0,1%;0,4%;0,0%;0,0%;0,0%;0,0%;0,0%;0,0%;0,0%;0,7%;;
ESTADISTICA;0,0%;0,0%;0,0%;0,0%;1,2%;1,3%;1,2%;4,2%;0,0%;0,0%;0,0%;0,0%;0,0%;0,1%;0,2%;;
ESTADISTICA DESCRIPTIVA E INFERENCIAL;3,8%;3,6%;0,0%;1,7%;1,5%;1,0%;0,8%;1,7%;2,6%;2,3%;2,5%;2,4%;1,4%;0,9%;0,6%;Ciclo de profundizacion;Ciencias basicas de la ingenieria
ESTADISTICA Y PROBABILIDAD;0,0%;0,1%;0,0%;0,0%;0,0%;0,0%;0,0%;0,0%;0,0%;0,0%;0,0%;0,0%;0,0%;0,0%;0,0%;;
ESTRUCTURA DE DATOS;4,4%;1,3%;0,0%;4,3%;6,2%;6,1%;7,7%;7,8%;4,1%;6,8%;6,0%;8,6%;7,7%;4,3%;5,0%;Ciclo basico ingenieria;Ingenieria aplicada
EXPRESION GRAFICA;0,0%;0,0%;0,0%;0,1%;0,4%;0,1%;0,8%;0,5%;0,0%;0,0%;0,0%;0,0%;0,0%;0,9%;0,4%;;
FISICA I;1,5%;1,5%;0,0%;1,7%;0,6%;0,5%;0,4%;0,6%;0,0%;0,0%;0,0%;0,0%;0,0%;1,9%;2,3%;;
FISICA II;1,3%;0,9%;0,0%;1,9%;0,9%;0,2%;1,2%;0,2%;0,0%;0,0%;0,0%;0,0%;0,0%;1,1%;0,7%;;
FISICA III;1,3%;0,9%;0,0%;0,0%;1,1%;0,0%;0,8%;0,2%;0,0%;0,0%;0,0%;0,0%;0,0%;1,1%;1,3%;;
FORMULACION Y EVALUACION DE PROYECTOS;0,0%;0,1%;0,0%;0,0%;0,0%;0,4%;0,0%;0,0%;0,0%;0,0%;0,2%;0,0%;0,0%;0,1%;0,0%;Ciclo profesional;Ciencias basicas de la ingenieria
FUNCIONES ESPECIALES Y ECUACIONES DIFERENCIALES;1,7%;2,0%;0,0%;0,4%;0,8%;0,4%;0,0%;0,0%;0,0%;0,0%;0,2%;0,1%;0,0%;0,0%;0,0%;;
FUNDAMENTOS CONTABLES;2,1%;0,1%;0,0%;0,3%;0,0%;0,4%;0,0%;0,2%;0,5%;0,2%;0,0%;0,0%;0,0%;0,4%;0,0%;;
FUNDAMENTOS DE ADMINISTRACION;1,2%;0,2%;0,0%;1,1%;0,1%;0,0%;0,8%;0,3%;0,0%;0,0%;0,0%;0,0%;0,3%;0,7%;0,8%;Ciclo de profundizacion;Formacion complementaria
FUNDAMENTOS DE ECONOMIA;0,0%;0,0%;0,0%;0,0%;0,4%;0,9%;1,6%;0,8%;0,0%;0,0%;0,0%;0,0%;0,0%;0,1%;0,1%;;
FUNDAMENTOS DE PROGRAMACION;0,0%;0,0%;0,0%;3,4%;2,8%;1,8%;2,4%;1,3%;0,0%;0,0%;0,0%;0,0%;0,0%;4,5%;2,1%;;
GERENCIA;0,0%;0,0%;0,0%;0,0%;0,0%;0,0%;0,0%;0,5%;0,0%;0,0%;0,0%;0,1%;0,0%;0,0%;0,0%;;
GESTION AMBIENTAL;0,0%;0,0%;0,0%;0,0%;0,0%;0,0%;0,0%;0,0%;0,0%;0,0%;0,0%;1,2%;0,2%;0,1%;0,4%;Ciclo profesional;Formacion complementaria
GESTION DE PROYECTOS DE TI;0,0%;0,0%;0,0%;0,1%;0,4%;0,0%;0,0%;0,0%;0,0%;0,2%;0,2%;0,0%;0,0%;0,0%;0,0%;Ciclo profesional;Ingenieria aplicada
GESTION Y GERENCIA DE SISTEMAS;0,0%;0,0%;0,0%;0,0%;0,0%;0,0%;0,0%;0,0%;0,0%;0,0%;0,0%;0,0%;0,0%;0,0%;0,0%;;
HUMANIDADES I;0,2%;0,7%;0,0%;0,0%;0,2%;0,0%;0,8%;0,0%;0,5%;0,0%;0,0%;0,0%;0,5%;0,2%;0,1%;Ciclo basico ingenieria;Formacion complementaria
HUMANIDADES II;1,4%;0,5%;0,0%;0,6%;0,2%;0,2%;0,0%;0,2%;1,5%;0,6%;0,4%;0,1%;0,3%;0,0%;0,5%;Ciclo basico ingenieria;Formacion complementaria
INFORMATICA EDUCATIVA II;0,0%;0,0%;0,0%;0,0%;0,0%;0,0%;0,0%;0,0%;0,0%;0,0%;0,0%;0,0%;0,0%;0,0%;0,0%;;
INGENIERIA DE SOFTWARE;0,0%;0,1%;0,0%;0,0%;0,1%;0,0%;0,0%;0,0%;0,0%;0,0%;0,0%;0,0%;0,0%;0,0%;0,0%;;
INGENIERIA DE SOFTWARE I;0,0%;0,0%;0,0%;0,0%;0,0%;1,1%;0,0%;5,3%;0,0%;4,9%;5,0%;2,3%;0,8%;1,2%;0,6%;Ciclo de profundizacion;Ingenieria aplicada
INGENIERIA DE SOFTWARE II;0,0%;0,0%;0,0%;0,0%;0,0%;0,0%;0,0%;0,2%;1,5%;1,4%;1,7%;3,6%;1,8%;1,3%;2,1%;Ciclo de profundizacion;Ingenieria aplicada
INGENIERIA DEL SOFTWARE I;1,7%;2,4%;0,0%;1,7%;1,4%;2,0%;1,2%;0,6%;0,0%;0,0%;0,2%;0,3%;0,2%;0,2%;0,0%;;
INGENIERIA DEL SOFTWARE II;1,3%;0,1%;0,0%;0,6%;0,8%;0,2%;0,0%;0,6%;3,1%;2,5%;0,6%;0,5%;0,0%;0,1%;0,1%;;
INGENIERIA ECONOMICA;2,8%;3,2%;0,0%;2,4%;1,7%;1,7%;0,0%;0,0%;0,5%;0,0%;0,6%;0,9%;0,8%;0,1%;0,0%;Ciclo de profundizacion;Ciencias basicas de la ingenieria
INGLES I;0,1%;0,0%;0,0%;0,0%;0,0%;0,0%;0,0%;0,0%;0,0%;0,0%;0,0%;0,0%;0,0%;0,0%;0,0%;;
INGLES II;0,0%;0,0%;0,0%;0,0%;0,0%;0,0%;0,0%;0,0%;0,0%;0,0%;0,0%;0,0%;0,0%;0,0%;0,0%;;
INGLES III;0,0%;0,1%;0,0%;0,0%;0,0%;0,0%;0,0%;0,0%;0,0%;0,0%;0,0%;0,0%;0,0%;0,0%;0,0%;;
INGLES IV;0,1%;0,3%;0,0%;0,0%;0,0%;0,0%;0,0%;0,0%;0,0%;0,0%;0,0%;0,0%;0,0%;0,0%;0,0%;;
INTELIGENCIA ARTIFICIAL;2,1%;1,4%;0,0%;0,4%;0,3%;0,3%;0,0%;1,7%;1,5%;2,3%;3,8%;1,1%;0,6%;0,6%;0,6%;Ciclo de profundizacion;Ingenieria aplicada
INTELIGENCIA DE NEGOCIOS;0,0%;0,0%;0,0%;0,0%;0,0%;0,0%;0,0%;0,0%;0,0%;0,0%;0,0%;0,0%;0,0%;0,0%;0,0%;;
INTRODUCCION A LA INGENIERIA;0,0%;0,0%;0,0%;0,0%;0,0%;0,0%;0,0%;0,0%;0,0%;0,0%;0,0%;0,0%;0,0%;0,0%;0,0%;;
INTRODUCCION A LA INGENIERIA DE SISTEMAS;3,1%;1,6%;0,0%;1,1%;0,7%;1,1%;4,1%;1,3%;6,7%;2,5%;1,0%;2,0%;1,6%;0,9%;0,6%;Ciclo basico ingenieria;Ingenieria aplicada
INVESTIGACION DE OPERACION II;0,0%;0,0%;0,0%;0,0%;0,0%;0,2%;0,4%;0,0%;0,0%;0,0%;0,0%;0,0%;0,0%;0,1%;0,1%;;
INVESTIGACION DE OPERACIONES;0,6%;1,0%;0,0%;1,0%;1,4%;2,4%;0,0%;0,8%;3,1%;0,8%;2,1%;0,7%;3,9%;0,1%;0,0%;Ciclo de profundizacion;Ciencias basicas de la ingenieria
INVESTIGACION DE OPERACIONES I;0,0%;0,0%;0,0%;0,3%;0,2%;0,0%;0,0%;0,0%;0,0%;0,0%;0,0%;0,0%;0,0%;0,7%;0,6%;;
LEGISLACION;0,0%;0,0%;0,0%;0,0%;0,0%;0,0%;0,0%;0,0%;0,0%;0,0%;0,0%;0,0%;0,0%;0,0%;0,0%;;
LEGISLACION DE SISTEMAS;0,0%;0,0%;0,0%;0,6%;0,2%;0,0%;0,0%;0,0%;0,0%;0,0%;0,0%;0,3%;0,2%;0,0%;0,0%;Ciclo profesional;Ingenieria aplicada
LENGUA EXTRAJERA II (LECTURA);0,0%;0,0%;0,0%;0,0%;0,1%;0,4%;0,0%;0,0%;0,0%;0,0%;0,0%;0,0%;0,0%;1,0%;2,4%;Ciclo basico ingenieria;Formacion complementaria
LENGUA EXTRAJERA IV (CONVERSACION);0,0%;0,0%;0,0%;0,4%;0,3%;0,1%;0,4%;1,6%;0,0%;0,0%;0,0%;0,0%;0,0%;0,5%;0,8%;Ciclo de profundizacion;Formacion complementaria
LENGUA EXTRANJERA CONVERSACION;0,3%;0,2%;0,0%;0,0%;0,2%;0,1%;0,0%;1,3%;1,0%;0,4%;1,0%;0,7%;0,6%;0,4%;0,3%;;
LENGUA EXTRANJERA I (GRAMATICA);0,0%;0,0%;0,0%;0,0%;0,6%;0,2%;2,0%;1,7%;0,0%;0,0%;0,0%;0,0%;0,0%;3,3%;1,2%;Ciclo basico ingenieria;Formacion complementaria
LENGUA EXTRANJERA III (ESCRITURA);0,0%;0,0%;0,0%;0,4%;0,0%;0,0%;0,4%;0,6%;0,0%;0,0%;0,0%;0,0%;0,0%;0,5%;1,4%;Ciclo basico ingenieria;Formacion complementaria
LENGUA EXTRANJERA-ESCRITURA;0,1%;0,5%;0,0%;0,6%;0,0%;0,1%;0,0%;0,5%;0,0%;0,8%;1,0%;0,9%;1,3%;0,4%;0,9%;;
LENGUA EXTRANJERA-GRAMATICA;1,3%;1,1%;0,0%;1,6%;0,7%;1,1%;2,0%;1,1%;5,1%;1,4%;2,3%;1,2%;0,6%;0,1%;0,0%;;
LENGUA EXTRANJERA-LECTURA;0,6%;0,4%;0,0%;0,6%;0,2%;0,1%;0,0%;0,5%;0,5%;0,6%;1,0%;0,4%;0,2%;0,2%;0,2%;;
LENGUAJE DE BAJO NIVEL;0,0%;0,0%;0,0%;0,0%;0,0%;0,0%;0,0%;0,0%;0,0%;0,0%;0,0%;0,0%;0,0%;0,0%;0,0%;;
LOGICA DIGITAL;0,0%;0,0%;0,0%;0,0%;0,0%;0,0%;0,0%;0,2%;0,0%;0,0%;0,0%;0,0%;0,0%;0,1%;0,0%;;
LOGICA MATEMATICA;0,0%;0,0%;0,0%;1,6%;3,3%;2,4%;1,6%;0,6%;0,0%;0,0%;0,0%;0,0%;0,0%;2,3%;3,5%;;
LOGICA, CONJUNTOS Y GRAFOS;5,4%;3,8%;0,0%;0,0%;0,1%;0,0%;0,0%;0,0%;0,0%;0,0%;0,0%;0,0%;0,0%;0,0%;0,0%;;
MATEMATICA FINANCIERA;0,0%;0,0%;0,0%;0,0%;0,0%;0,3%;0,0%;0,2%;0,0%;0,0%;0,0%;0,0%;0,0%;0,0%;0,1%;;
MATEMATICAS DISCRETAS;0,0%;0,0%;0,0%;0,0%;0,0%;0,0%;0,0%;0,3%;0,0%;0,2%;0,0%;0,1%;0,0%;0,0%;0,5%;Ciclo basico ingenieria;Ciencias basicas
MECANICA;5,9%;5,7%;0,0%;4,1%;3,4%;1,7%;1,2%;1,9%;2,6%;4,1%;1,7%;3,1%;2,1%;3,3%;1,4%;Ciclo basico ingenieria;Ciencias basicas
METODOLOGIA DE INVESTIGACION;0,2%;0,0%;0,0%;0,0%;0,2%;1,4%;4,9%;0,9%;0,0%;0,0%;0,0%;0,0%;0,0%;0,4%;0,0%;Ciclo de profundizacion;Formacion Investigativa
METODOLOGIA DE LA INVESTIGACION;0,2%;0,1%;0,0%;0,1%;0,0%;0,3%;0,0%;0,2%;1,5%;2,7%;2,3%;1,3%;0,3%;1,9%;1,6%;;
MINERIA DE DATOS;0,0%;0,0%;0,0%;0,0%;0,0%;0,0%;0,0%;0,0%;0,0%;0,8%;0,0%;0,0%;0,0%;0,0%;0,0%;;
MODELAMIENTO Y SIMULACION;0,0%;0,0%;0,0%;0,0%;0,0%;0,0%;0,0%;0,0%;0,0%;0,0%;0,0%;0,0%;0,0%;0,0%;0,0%;;
MODELOS;0,1%;0,0%;0,0%;0,0%;0,1%;0,1%;0,0%;0,0%;0,0%;0,0%;0,0%;0,0%;0,0%;0,0%;0,0%;;
MODELOS Y SIMULACION;0,0%;0,0%;0,0%;0,0%;0,0%;0,0%;0,0%;0,0%;0,0%;0,0%;0,0%;0,1%;0,0%;0,0%;0,0%;Ciclo de profundizacion;Ingenieria aplicada
ONDAS;1,5%;3,2%;0,0%;1,6%;3,3%;3,0%;0,8%;0,2%;1,0%;1,0%;3,3%;3,6%;1,4%;3,0%;1,8%;Ciclo basico ingenieria;Ciencias basicas
PENSAMIENTO SISTEMICO;1,5%;0,1%;0,0%;0,0%;0,0%;0,1%;0,4%;0,2%;0,0%;0,0%;0,0%;0,0%;0,0%;0,0%;0,0%;;
PLANEACION Y GESTION DE SI;0,0%;0,0%;0,0%;0,0%;0,0%;0,2%;0,0%;0,2%;0,5%;0,0%;0,2%;0,0%;0,0%;0,0%;0,0%;;
PROCESO AGILES DE DESARROLLO DE SOFTWARE;0,0%;0,0%;0,0%;0,0%;0,0%;0,1%;0,0%;0,0%;0,5%;0,0%;0,0%;0,0%;0,0%;0,0%;0,0%;;
PROFUNDIZACION A1 GESTION GERENCIA SISTEMAS;0,0%;0,0%;0,0%;0,0%;0,0%;0,0%;0,0%;0,0%;0,0%;0,0%;0,0%;0,0%;0,0%;0,0%;0,0%;;
PROFUNDIZACION A2 AUDITORIA SISTEMAS;0,0%;0,0%;0,0%;0,0%;0,0%;0,0%;0,0%;0,0%;0,0%;0,0%;0,0%;0,0%;0,0%;0,0%;0,0%;;
PROFUNDIZACI�N AI;0,0%;0,1%;0,0%;0,0%;0,0%;0,0%;0,8%;0,0%;0,0%;0,0%;0,0%;0,0%;0,0%;0,0%;0,0%;;
PROFUNDIZACION AII;0,0%;0,0%;0,0%;0,1%;0,0%;0,1%;0,0%;0,0%;0,0%;0,0%;0,0%;0,0%;0,0%;0,0%;0,0%;;
PROFUNDIZACION B1 MOVILES I;0,0%;0,0%;0,0%;0,0%;0,0%;0,0%;0,0%;0,0%;0,0%;0,0%;0,0%;0,0%;0,0%;0,0%;0,0%;;
PROFUNDIZACION B2 MOVILES II;0,0%;0,0%;0,0%;0,0%;0,0%;0,0%;0,0%;0,0%;0,0%;0,0%;0,0%;0,0%;0,0%;0,0%;0,0%;;
PROFUNDIZACION BI;0,0%;0,0%;0,0%;0,1%;0,1%;0,2%;0,0%;0,0%;0,0%;0,0%;0,0%;0,0%;0,0%;0,0%;0,0%;;
PROFUNDIZACION BII;0,0%;0,1%;0,0%;0,1%;0,0%;0,0%;0,0%;0,0%;0,0%;0,0%;0,0%;0,0%;0,0%;0,0%;0,0%;;
PROGRAMACION AVANZADA;0,0%;0,0%;0,0%;0,0%;0,0%;0,0%;0,0%;0,0%;0,0%;0,0%;0,0%;0,0%;0,0%;0,0%;0,0%;;
PROGRAMACION BAJO WEB;1,7%;1,5%;0,0%;0,1%;0,3%;0,6%;0,0%;0,3%;0,5%;0,0%;0,0%;0,0%;0,0%;0,0%;0,0%;;
PROGRAMACION DE COMPUTADORES I;4,3%;4,2%;0,0%;3,1%;3,0%;2,8%;3,3%;3,6%;3,1%;3,3%;2,5%;4,3%;5,0%;3,0%;4,9%;Ciclo basico ingenieria;Ingenieria aplicada
PROGRAMACION DE COMPUTADORES II;2,6%;2,8%;0,0%;4,6%;5,4%;5,3%;3,3%;5,3%;2,6%;4,1%;2,7%;3,0%;2,9%;1,7%;1,9%;Ciclo basico ingenieria;Ingenieria aplicada
PROGRAMACION DE COMPUTADORES III;0,6%;2,6%;0,0%;2,0%;1,5%;2,5%;2,0%;3,8%;1,5%;4,1%;4,0%;3,5%;5,0%;1,9%;2,8%;;
PROGRAMACION I;0,0%;0,0%;0,0%;0,4%;0,7%;2,4%;0,8%;1,6%;0,0%;0,0%;0,0%;0,0%;0,0%;3,9%;2,1%;;
PROGRAMACION II;1,1%;0,8%;0,0%;0,7%;0,0%;0,4%;0,4%;1,6%;0,0%;0,0%;0,0%;0,0%;0,0%;2,3%;1,7%;;
PROGRAMACION III;1,3%;1,6%;0,0%;2,4%;0,9%;0,9%;1,6%;1,7%;0,0%;0,0%;0,0%;0,0%;0,0%;2,1%;1,0%;Ciclo de profundizacion;Ingenieria aplicada
PROGRAMACION IV;0,0%;0,0%;0,0%;0,4%;0,0%;0,0%;0,8%;0,0%;0,0%;0,0%;0,0%;0,0%;0,0%;0,0%;0,1%;;
PROGRAMACION LINEAL;1,0%;1,2%;0,0%;1,4%;1,7%;0,6%;0,0%;0,0%;0,0%;0,0%;1,0%;0,0%;0,0%;0,0%;0,0%;;
PROGRAMACION MOVIL;0,0%;0,0%;0,0%;0,0%;0,0%;0,0%;0,0%;0,0%;0,0%;0,2%;0,0%;0,7%;0,3%;0,1%;0,4%;Ciclo de profundizacion;Ingenieria aplicada
PROGRAMACION WEB;0,0%;0,0%;0,0%;0,0%;0,0%;0,6%;0,4%;0,6%;0,5%;1,2%;0,0%;0,0%;0,8%;0,2%;0,1%;Ciclo de profundizacion;Ingenieria aplicada
PROYECTO DE GRADO;0,0%;0,0%;0,0%;0,0%;0,0%;0,0%;0,0%;0,0%;0,0%;0,0%;0,0%;0,0%;0,0%;0,0%;0,0%;;
PROYECTO DE GRADO I;0,0%;0,2%;0,0%;0,0%;0,1%;0,2%;0,4%;0,0%;0,5%;0,2%;0,2%;0,1%;0,0%;0,0%;0,0%;Ciclo profesional;Formacion Investigativa
PROYECTO DE GRADO II;0,0%;0,0%;0,0%;0,0%;0,0%;0,0%;0,0%;0,0%;0,0%;0,0%;0,0%;0,0%;0,0%;0,0%;0,0%;Ciclo profesional;Formacion Investigativa
PSICOLOGIA;0,0%;0,0%;0,0%;0,0%;0,0%;0,0%;0,0%;0,0%;0,0%;0,0%;0,0%;0,0%;0,0%;0,0%;0,0%;;
QUIMICA II;0,0%;0,1%;0,0%;0,0%;0,0%;0,0%;0,0%;0,0%;0,5%;0,0%;0,0%;0,0%;0,0%;0,0%;0,0%;;
REDES AVANZADAS;0,0%;0,0%;0,0%;0,0%;0,0%;0,0%;0,0%;0,0%;0,0%;0,0%;0,0%;0,0%;0,0%;0,0%;0,0%;;
REDES Y COMUNICACIONES;0,0%;0,8%;0,0%;0,0%;0,7%;0,1%;0,0%;0,0%;0,0%;0,4%;4,6%;4,4%;7,5%;3,6%;3,0%;Ciclo de profundizacion;Ingenieria aplicada
REDES Y TELECOMUNICACIONES;0,6%;0,2%;0,0%;0,1%;0,3%;0,0%;0,0%;0,0%;0,0%;0,0%;0,0%;0,0%;0,0%;0,0%;0,0%;;
REDES Y TELECOMUNICACIONES I;0,0%;0,0%;0,0%;1,1%;0,6%;0,4%;0,0%;0,3%;0,0%;0,0%;0,0%;0,0%;0,0%;1,2%;0,1%;;
REDES Y TELECOMUNICACIONES II;0,0%;0,0%;0,0%;0,0%;0,1%;0,1%;1,2%;0,2%;0,0%;0,0%;0,0%;0,0%;0,0%;0,2%;0,3%;;
RESPONSABILIDAD PROFESIONAL;0,0%;0,2%;0,0%;0,0%;0,0%;0,0%;0,8%;0,3%;0,0%;0,0%;0,0%;0,0%;0,0%;0,3%;0,0%;;
SALUD OCUPACIONAL;0,0%;0,0%;0,0%;0,0%;0,0%;0,0%;0,0%;0,2%;0,0%;0,0%;0,0%;0,0%;0,3%;0,0%;0,0%;;
SEGURIDAD INFORMATICA;0,0%;0,5%;0,0%;0,4%;0,2%;0,5%;0,4%;0,2%;0,5%;0,6%;0,4%;0,3%;0,0%;0,2%;0,1%;Ciclo profesional;Ingenieria aplicada
SEGURIDAD Y PRIVACIDAD DE LA INFORMACION;0,3%;0,9%;0,0%;0,0%;0,2%;0,2%;0,0%;0,6%;0,0%;0,0%;0,0%;0,0%;0,0%;0,0%;0,2%;;
SEMILLERO DE INVESTIGACION;0,0%;0,0%;0,0%;1,1%;0,0%;0,0%;1,6%;1,3%;0,0%;0,0%;0,0%;0,0%;0,0%;1,1%;1,1%;;
SEMINARIO DE INVESTIGACION;0,2%;0,3%;0,0%;0,3%;0,4%;0,2%;0,0%;0,0%;1,5%;1,4%;2,3%;2,2%;0,8%;1,3%;0,4%;Ciclo de profundizacion;Formacion Investigativa
SEMINARIO INVESTIGACION;0,0%;0,0%;0,0%;0,0%;0,0%;0,0%;0,4%;0,8%;0,0%;0,0%;0,0%;0,0%;0,0%;0,0%;0,0%;;
SERVIDORES;0,0%;0,0%;0,0%;0,0%;0,0%;0,0%;0,0%;0,0%;0,0%;0,0%;0,0%;0,0%;0,0%;0,0%;0,0%;;
SIMULACION;0,1%;0,0%;0,0%;0,0%;0,0%;0,0%;0,0%;0,0%;0,0%;0,0%;0,0%;0,0%;0,0%;0,0%;0,0%;;
SIMULACION Y SISTEMAS DE CONTROL II;0,0%;0,0%;0,0%;0,0%;0,0%;0,0%;0,0%;0,0%;0,0%;0,0%;0,0%;0,0%;0,0%;0,0%;0,0%;;
SISTEMA DE INFORMACION;0,0%;0,0%;0,0%;0,0%;0,0%;0,0%;0,0%;0,0%;0,0%;0,0%;0,0%;0,0%;0,6%;0,4%;0,3%;Ciclo de profundizacion;Ingenieria aplicada
SISTEMAS BASADOS EN CONOCIMIENTO;0,0%;0,2%;0,0%;0,0%;0,0%;0,0%;0,0%;0,0%;0,0%;0,0%;0,0%;0,0%;0,0%;0,1%;0,0%;;
SISTEMAS OPERATIVOS;0,7%;0,4%;0,0%;0,9%;0,8%;0,9%;2,0%;1,4%;0,5%;2,3%;1,7%;2,3%;2,6%;0,8%;0,2%;Ciclo de profundizacion;Ingenieria aplicada
SISTEMAS OPERATIVOS II;0,0%;0,0%;0,0%;0,1%;0,1%;0,1%;0,8%;0,0%;0,0%;0,2%;0,0%;0,0%;0,0%;0,0%;0,0%;;
TECHNICAL ENGLISH I;0,0%;0,0%;0,0%;0,0%;0,0%;0,1%;1,6%;0,2%;0,0%;0,0%;0,0%;0,0%;0,0%;0,1%;0,4%;;
TECHNICAL ENGLISH II;0,0%;0,0%;0,0%;0,0%;0,0%;0,0%;0,0%;0,3%;0,0%;0,0%;0,0%;0,0%;0,0%;0,1%;0,3%;;
TECNICAS DE AUTOAPRENDIZAJE;0,9%;0,0%;0,0%;0,0%;0,0%;0,0%;0,0%;0,0%;0,0%;0,0%;0,0%;0,0%;0,0%;0,0%;0,0%;;
TECNOLOGIA WEB II;0,1%;0,0%;0,0%;0,0%;0,0%;0,0%;0,0%;0,0%;0,0%;0,0%;0,0%;0,0%;0,0%;0,0%;0,0%;;
TELEMATICA II;0,0%;0,0%;0,0%;0,0%;0,0%;0,0%;0,0%;0,0%;0,0%;0,0%;0,0%;0,0%;0,0%;0,0%;0,0%;;
TEMAS AVANZADOS DE SOFTWARE II;0,0%;0,0%;0,0%;0,0%;0,0%;0,0%;0,0%;0,0%;0,0%;0,0%;0,0%;0,0%;0,0%;0,0%;0,0%;;
